id,pin,age,gender,marital_status,city,state,residence_ownership,target_income,device_model,device_category,platform,device_manufacturer
LOA-N2R13L12,812004,28.0,MALE, ,Bhagalpur,Bihar,,13773.0,SM-A135F,SMART PHONE,ANDROID,samsung
LFHE1YBH,394365,38.0,MALE, ,Tapi,Gujarat,,22466.5,CPH1933,SMART PHONE,ANDROID,oppo
LOA-BQYE33Y5,560100,23.0,MALE, ,Bangalore,Karnataka,,30191.5,,,ANDROID,xiaomi
LOA-1ZPEX6BB,211003,38.0,MALE, ,Allahabad,Uttar Pradesh,SELF-OWNED,12371.0,1915,SMART PHONE,ANDROID,vivo
LOA-SNVU4KP8,753008,26.0,MALE, ,Cuttack,Odisha,,23013.0,CPH2381,SMART PHONE,ANDROID,oneplus
A1BLSD6A,508210,25.0,MALE, ,Nalgonda,Telangana,SELF-OWNED,18617.0,CPH2569,SMART PHONE,ANDROID,oneplus
SGN1ISUQ,476001,42.0,MALE, ,Morena,Madhya Pradesh,SELF-OWNED,22125.0,RMX3241,SMART PHONE,ANDROID,realme
LOA-CD47R5PF,423605,24.0,FEMALE, ,Anjanapur,Maharashtra,RENTED,39143.5,CPH2467,SMART PHONE,ANDROID,oneplus
LOA-16488U5M,673513,40.0,MALE, ,Kozhikode,Kerala,,22960.0,SM-A156E/DSN,SMART PHONE,ANDROID,samsung
LOA-E31MFQHJ,201005,26.0,MALE, ,Ghaziabad,Uttar Pradesh,SELF-OWNED,23777.5,,,,
LOA-2PGYDD5P,248006,23.0,MALE, ,Dehradun,Uttarakhand,,14500.0,SM-N770F,SMART PHONE,ANDROID,samsung
LOA-YFH9QHY1,110091,25.0,FEMALE, ,East Delhi,Delhi,RENTED,29250.0,22041219I,SMART PHONE,ANDROID,xiaomi
LOA-YFH9QHY1,110091,25.0,FEMALE, ,East Delhi,Delhi,RENTED,29250.0,22111317I,SMART PHONE,ANDROID,xiaomi
LOA-LA1DV2CD,182101,29.0,MALE, ,Udhampur,Jammu and Kashmir,,20315.5,SM-A146B/DS,SMART PHONE,ANDROID,samsung
ED9XFU16,441302,29.0,FEMALE, ,Nagpur,Maharashtra,SELF-OWNED,37934.5,,,ANDROID,xiaomi
ED9XFU16,441302,29.0,FEMALE, ,Nagpur,Maharashtra,SELF-OWNED,37934.5,RMX3710,SMART PHONE,ANDROID,realme
6IC7NUZ1,110094,35.0,MALE, ,New Delhi,Delhi,,41312.0,CPH2467,SMART PHONE,ANDROID,oneplus
LOA-S6LB8PV5,700026,52.0,FEMALE, ,Kolkata,West Bengal,SELF-OWNED,301707.0,MT2111,SMART PHONE,ANDROID,oneplus
DKENUDD9,244001,49.0,MALE, ,Moradabad,Uttar Pradesh,,43575.0,SM-A715F,SMART PHONE,ANDROID,samsung
Y28L491S,560058,28.0,MALE, ,Bengaluru,Karnataka,,16500.0,CPH2495,SMART PHONE,ANDROID,oppo
LOA-3D74CJ5H,440009,26.0,MALE, ,Nagpur,Maharashtra,,31825.0,SM-A346E/DSN,SMART PHONE,ANDROID,samsung
LOA-1FPA9ZY7,248140,28.0,MALE, ,Dehradun,Uttarakhand,,16919.5,CPH2127,SMART PHONE,ANDROID,oppo
LOA-ZBTY8DA3,523157,28.0,MALE, ,Prakasam,Andhra Pradesh,SELF-OWNED,91276.0,SM-A546E,SMART PHONE,ANDROID,samsung
MJR665MM,562135,29.0,MALE, ,Bangalore Rural,Karnataka,RENTED,35558.5,V2225,SMART PHONE,ANDROID,vivo
LOA-82B5U3YB,521212,54.0,MALE, ,VIJAYAWADA,Andhra Pradesh,,53877.0,2201116PI,SMART PHONE,ANDROID,xiaomi
ANEZSVNQ,534350,22.0,MALE, ,West Godavari,Andhra Pradesh,,17900.0,,,,
LOA-D7VTEYDK,743127,37.0,MALE, ,24PARGANAS,West Bengal,SELF-OWNED,16718.0,RMX2193,SMART PHONE,ANDROID,realme
2SSF6SQN,700047,30.0,MALE, ,Kolkata,West Bengal,SELF-OWNED,50471.0,CPH2401,SMART PHONE,ANDROID,oneplus
4BSPC357,110092,28.0,MALE, ,Delhi,Delhi,SELF-OWNED,35000.0,M2003J15SC,SMART PHONE,ANDROID,xiaomi
LOA-6SGZAYAZ,400104,26.0,MALE, ,Mumbai,Maharashtra,SELF-OWNED,37747.0,V2130,SMART PHONE,ANDROID,vivo
HY9HXKVQ,624613,29.0,MALE, ,Dindigul,Tamil Nadu,,18789.0,SM-E225F,SMART PHONE,ANDROID,samsung
HY9HXKVQ,624613,29.0,MALE, ,Dindigul,Tamil Nadu,,18789.0,V2143,SMART PHONE,ANDROID,vivo
PGZXDUXI,754140,45.0,MALE, ,JAgatsinghpur,Odisha,SELF-OWNED,116437.0,SM-E236B/DS,SMART PHONE,ANDROID,samsung
5IV68Y5V,500076,41.0,FEMALE, ,Hyderabad,Telangana,SELF-OWNED,47480.0,,,,
LOA-1286DAYF,495001,38.0,MALE, ,Bilaspur,Chattisgarh,RENTED,238844.0,,,,
LOA-FV6Y1U3P,221401,26.0,MALE, ,Sant Ravidas Nagar,Uttar Pradesh,,81829.5,M2103K19I,SMART PHONE,ANDROID,xiaomi
LOA-BP9LXB6D,410501,33.0,MALE, ,Pune,Maharashtra,,20330.0,,,,
LOA-2G3Q1CXK,171004,38.0,MALE, ,Shimla,Himachal Pradesh,,62617.5,1938,SMART PHONE,ANDROID,vivo
LOA-C9AER2Y8,641666,22.0,MALE, ,Tiruppur,Tamil Nadu,RENTED,16519.5,,,,
LOA-SUEGKRXD,211016,54.0,, ,Allahabad,Uttar Pradesh,,33915.0,,,,
LOA-URDVVFJ6,301707,23.0,FEMALE, ,Alwar,Rajasthan,SELF-OWNED,13103.0,,,,
LOA-MRQKKDSH,301001,27.0,MALE, ,Alwar,Rajasthan,,24062.0,,,,
LOA-AD53RGN5,135001,24.0,MALE, ,Yamunanagar,Haryana,,40000.0,SM-A546E,SMART PHONE,ANDROID,samsung
5I7UZ55L,785112,23.0,MALE, ,Jorhat,Assam,SELF-OWNED,12137.5,RMX3511,SMART PHONE,ANDROID,realme
LOA-N1E9L5CU,401107,26.0,MALE, ,Thane,Maharashtra,,16005.0,CPH2401,SMART PHONE,ANDROID,oneplus
LOA-SEPPC32N,517126,32.0,MALE, ,Chittoor ,Andhra Pradesh,SELF-OWNED,69298.0,1951,SMART PHONE,ANDROID,vivo
LOA-9B6TKFLS,440002,22.0,MALE, ,Nagpur,Maharashtra,,13416.5,K33a42,SMART PHONE,ANDROID,lenovo
6YNBVNXS,262554,26.0,MALE, ,Pithoragarh,Uttarakhand,,23538.5,,,ANDROID,xiaomi
LOA-5BS775ZJ,600023,54.0,MALE, ,Chennai,Tamil Nadu,SELF-OWNED,20063.0,,,,
LOA-AVY65T1U,249407,42.0,MALE, ,HARDWAR,Uttarakhand,,86215.0,1814,SMART PHONE,ANDROID,vivo
LOA-48U5HSAG,524201,38.0,MALE, ,Nellore,Andhra Pradesh,SELF-OWNED,62102.0,V2058,SMART PHONE,ANDROID,vivo
LOA-FPNGMSEN,500004,44.0,MALE, ,Hyderabad,Telangana,,39800.0,V2040,SMART PHONE,ANDROID,vivo
LOA-6CVJ5J8Q,531011,28.0,MALE, ,Lalamkoduru,Andhra Pradesh,SELF-OWNED,24392.0,CPH2487,SMART PHONE,ANDROID,oneplus
LOA-DXJDYTG4,533124,21.0,FEMALE, ,East Godavari,Andhra Pradesh,SELF-OWNED,26213.0,23076RN4BI,SMART PHONE,ANDROID,xiaomi
NTER24AZ,523001,26.0,MALE, ,Ongole,Andhra Pradesh,,24297.0,,,,
LOA-X5RPC2P7,110021,26.0,MALE, ,Delhi,Delhi,,23184.5,V2152,SMART PHONE,ANDROID,vivo
U5MY5195,641606,46.0,MALE, ,Coimbatore,Tamil Nadu,RENTED,36000.0,CPH2239,SMART PHONE,ANDROID,oppo
LOA-BDZAP5VY,176041,23.0,MALE, ,Hamirpur,Himachal Pradesh,,17780.0,RMX3612,SMART PHONE,ANDROID,realme
LOA-G8RANRQZ,574265,27.0,MALE, ,Dakshina Kannada,Karnataka,,33269.5,,,,
LOA-52L1NBKV,452009,34.0,MALE, ,Indore,Madhya Pradesh,SELF-OWNED,60000.0,V2303,SMART PHONE,ANDROID,vivo
LOA-NSQ9HXG8,273001,43.0,MALE, ,India,Uttar Pradesh,,78141.0,SM-A217F,SMART PHONE,ANDROID,samsung
LOA-YUQZ66PL,721140,32.0,MALE, ,Paschim Medinipur,West Bengal,,15682.0,SM-J600G,SMART PHONE,ANDROID,samsung
YB7UUD6T,400058,25.0,MALE, ,Mumbai Suburban,Maharashtra,,21918.5,CPH2487,SMART PHONE,ANDROID,oneplus
LOA-HJZHEG77,504215,39.0,MALE, ,ADILABAD,Andhra Pradesh,SELF-OWNED,70150.0,CPH2531,SMART PHONE,ANDROID,oppo
LOA-AL723CP2,110045,30.0,MALE, ,NEW DELHI,Delhi,,19262.0,SM-G990E,SMART PHONE,ANDROID,samsung
LOA-PVB6JQCT,829104,36.0,MALE, ,Phusro,Jharkhand,RENTED,107644.5,,,,
LOA-C3U4G421,562107,23.0,MALE, ,Aatibele,Karnataka,,17994.0,SM-A146B/DS,SMART PHONE,ANDROID,samsung
LOA-S4F5P7G5,110057,35.0,MALE, ,Delhi,Delhi,,20549.0,CPH2477,SMART PHONE,ANDROID,oppo
LOA-PFLKP44T,400084,31.0,FEMALE, ,Mumbai,Maharashtra,,17774.5,,,,
LOA-VBUXKLXT,756044,39.0,, ,Baleshwar,Odisha,,37804.0,CPH2505,SMART PHONE,ANDROID,oppo
LOA-7TZAY9MU,821305,24.0,MALE, ,Pardi,Bihar,SELF-OWNED,20854.0,1907,SMART PHONE,ANDROID,vivo
LOA-T4QX99SM,272190,42.0,MALE, ,Basti,Uttar Pradesh,SELF-OWNED,86830.0,,,,
LOA-TG4FNZ38,410512,38.0,, ,Pune,Maharashtra,,15055.5,1933,SMART PHONE,ANDROID,vivo
LOA-E1SFYHSS,575004,32.0,MALE, ,Mangalore,Karnataka,,26490.0,Moto E7 Power,SMART PHONE,ANDROID,motorola
LOA-M9J7P5RA,721446,22.0,MALE, ,East Midnapore,West Bengal,RENTED,13590.0,M2007J20CI,SMART PHONE,ANDROID,xiaomi
LOA-UBYSRP77,393001,28.0,MALE, ,Bharuch,Gujarat,SELF-OWNED,16446.5,V2307,SMART PHONE,ANDROID,vivo
LOA-YV5QRLE6,245408,25.0,MALE, ,Bulandshahr,UTTAR PRADESH,SELF-OWNED,16758.0,CPH2477,SMART PHONE,ANDROID,oppo
LOA-RYYNUB82,396170,41.0,MALE, ,Valsad,Gujarat,,18315.5,SM-F127G/DS,SMART PHONE,ANDROID,samsung
LOA-JEGJXR5N,700034,28.0,FEMALE, ,Kolkata,West Bengal,SELF-OWNED,19644.0,SM-A156E/DSN,SMART PHONE,ANDROID,samsung
LOA-M7TXA41L,560076,28.0,MALE, ,Bangalore,Karnataka,SELF-OWNED,51602.0,,,,
LOA-DSXDPLXR,370601,26.0,, ,Kachchh,Gujarat,,13515.0,,,,
LOA-NS1LECAA,382845,47.0,MALE, ,Gandhinagar,Gujarat,,36130.0,RMX3741,SMART PHONE,ANDROID,realme
LOA-6NV1SKH3,500023,22.0,MALE, ,Hyderabad,Telangana,,13754.0,,,,
LOA-KNNHLFP4,400612,41.0,MALE, ,Thane,Maharashtra,,14252.0,V2205,SMART PHONE,ANDROID,vivo
LOA-7YZU48FQ,143416,35.0,MALE, ,Patti,Punjab,,25897.0,M2003J15SC,SMART PHONE,ANDROID,xiaomi
LOA-62F5BSZG,606105,39.0,MALE, ,VRIDDHACHALAM,Tamil Nadu,,31414.0,SM-A057F,SMART PHONE,ANDROID,samsung
LOA-K8HCTJ3A,502319,21.0,MALE, ,Sangareddy,Telangana,,21100.0,RMX2151,SMART PHONE,ANDROID,realme
LOA-ARYC4T34,756114,28.0,MALE, ,Bhadrak,Odisha,RENTED,14439.0,CPH2373,SMART PHONE,ANDROID,oppo
LOA-ALT5KUKL,421001,22.0,MALE, ,Thane,Maharashtra,,14191.0,2312DRA50I,SMART PHONE,ANDROID,xiaomi
LOA-31Z8JPYP,311001,27.0,MALE, ,Bhilwara,Rajasthan,SELF-OWNED,41773.5,V2307,SMART PHONE,ANDROID,vivo
LOA-RPK87JY5,770036,27.0,MALE, ,Sundargarh,Odisha,SELF-OWNED,24362.5,A063,SMART PHONE,ANDROID,nothing
LOA-KV55NHZZ,531077,55.0,MALE, ,Visakhapatnam,Andhra Pradesh,,79835.0,RMX3231,SMART PHONE,ANDROID,realme
LOA-DRHPYVVL,577127,30.0,FEMALE, ,Chickmagalore ,Karnataka,SELF-OWNED,33866.0,1933,SMART PHONE,ANDROID,vivo
LOA-HDXTRQ42,226007,27.0,, ,Lucknow,Uttar Pradesh,,25839.5,SM-A305F,SMART PHONE,ANDROID,samsung
LOA-D79XRG1Y,384170,39.0,MALE, ,Unjha,Gujarat,,18375.0,SM-A146B/DS,SMART PHONE,ANDROID,samsung
LOA-37R4R6VB,142001,40.0,MALE, ,Moga,Punjab,,25314.0,CPH2599,SMART PHONE,ANDROID,oppo
LOA-1VYNSTY6,752019,28.0,MALE, ,Puri,Odisha,,28000.0,,,,
LQY7HT51,638001,33.0,FEMALE, ,Erode,Tamil Nadu,,51000.0,CPH2495,SMART PHONE,ANDROID,oppo
LQY7HT51,638001,33.0,FEMALE, ,Erode,Tamil Nadu,,51000.0,V2065,SMART PHONE,ANDROID,vivo
LOA-XJU1MK34,411027,37.0,MALE, ,Pune,Maharashtra,,42462.5,M2101K6P,SMART PHONE,ANDROID,xiaomi
LOA-QQ9T75SX,462001,22.0,, ,Bhopal,Madhya Pradesh,,23000.0,RMX3771,SMART PHONE,ANDROID,realme
LOA-XJQCJFFM,321401,32.0,MALE, ,Bharatpur,Rajasthan,,20539.0,CPH2269,SMART PHONE,ANDROID,oppo
LOA-QNCZNUGP,524308,40.0,MALE, ,Nellore,Andhra Pradesh,SELF-OWNED,92217.5,V2055,SMART PHONE,ANDROID,vivo
LOA-YB8H2KVU,400034,23.0,MALE, ,Mumbai,Maharashtra,,27959.5,RMX3471,SMART PHONE,ANDROID,realme
LOA-X47R5R25,827010,26.0,MALE, ,BOKARO,Jharkhand,,34737.33,CPH2617,SMART PHONE,ANDROID,oppo
LOA-HNFSZY2M,122001,39.0,FEMALE, ,Gurgaon,Haryana,RENTED,29077.0,CPH2467,SMART PHONE,ANDROID,oneplus
LOA-9RR176Q5,243001,26.0,MALE, ,BAREILLY,Uttar Pradesh,,13587.0,1901,SMART PHONE,ANDROID,vivo
LOA-XRTSGVC7,688522,48.0,MALE, ,ALAPUZHA,Kerala,,88595.5,,,,
LOA-XX95C71N,524223,26.0,MALE, ,NELLORE,Andhra Pradesh,SELF-OWNED,32453.5,2201116PI,SMART PHONE,ANDROID,xiaomi
LOA-PNXNQV36,110094,24.0,FEMALE, ,North East Delhi,Delhi,,17073.5,1904,SMART PHONE,ANDROID,vivo
LOA-433B3UY5,394430,33.0,MALE, ,Surat,Gujarat,,40600.0,,,,
LOA-GAP4N9Y3,560076,23.0,FEMALE, ,Bangalore,Karnataka,,14282.0,RMX3197,SMART PHONE,ANDROID,realme
LOA-7J84C7UF,520001,44.0,MALE, ,Krishna,Andhra Pradesh,,15000.0,22111317I,SMART PHONE,ANDROID,xiaomi
LOA-V85GQ59C,560029,24.0,MALE, ,BANGALORE,Karnataka,,22076.0,V2246,SMART PHONE,ANDROID,vivo
LOA-1Y8TD1M7,713705,42.0,MALE, ,Durgapur,WEST BENGAL,SELF-OWNED,57374.0,1901,SMART PHONE,ANDROID,vivo
LOA-AAS136S6,600056,24.0,FEMALE, ,KANCHIPURAM,Tamil Nadu,SELF-OWNED,24076.0,V2319,SMART PHONE,ANDROID,vivo
LOA-AAS136S6,600056,24.0,FEMALE, ,KANCHIPURAM,Tamil Nadu,SELF-OWNED,24076.0,1818,SMART PHONE,ANDROID,vivo
LOA-XPM2VVFL,141012,31.0,FEMALE, ,Ludhiana,Punjab,,36940.0,SM-A346E/DSN,SMART PHONE,ANDROID,samsung
LOA-29ZHY8LM,560089,28.0,FEMALE, ,BANGALORE,Karnataka,,12575.5,CPH1955,SMART PHONE,ANDROID,oppo
LOA-29ZHY8LM,560089,28.0,FEMALE, ,BANGALORE,Karnataka,,12575.5,RMX2002,SMART PHONE,ANDROID,realme
LOA-91X5X5NT,600012,29.0,MALE, ,Chennai,Tamil Nadu,,29864.5,,,,
LOA-D9VKHZPC,605008,22.0,MALE, ,Pondicherry,Pondicherry,,38424.0,CPH2325,SMART PHONE,ANDROID,oppo
LOA-3U4AB91H,638110,25.0,MALE, ,Thoranavavi,Tamil Nadu,,20606.5,SM-G973F,SMART PHONE,ANDROID,samsung
LOA-3U4AB91H,638110,25.0,MALE, ,Thoranavavi,Tamil Nadu,,20606.5,Moto G32,SMART PHONE,ANDROID,motorola
LOA-KL7MZQAY,638311,31.0,MALE, ,Padavalkalvai,Tamil Nadu,,21279.0,,,,
LOA-QQTKD11B,560097,30.0,MALE, ,Bangalore ,Karnataka,SELF-OWNED,28350.0,RMX3741,SMART PHONE,ANDROID,realme
LOA-FFV1MM1G,607805,27.0,MALE, ,Cuddalore,Tamil Nadu,,22704.0,,,,
LOA-TXBF3TAZ,421505,40.0,MALE, ,Thane,Maharashtra,RENTED,41297.0,V2318,SMART PHONE,ANDROID,vivo
LOA-2A9AAVJL,281305,28.0,MALE, ,Habibpur Bangar,Uttar Pradesh,,54902.0,22111317I,SMART PHONE,ANDROID,xiaomi
LOA-9H5SFK3G,781371,29.0,MALE, ,Barpeta,Assam,,146887.0,RMX2117,SMART PHONE,ANDROID,realme
LOA-VEAE52UB,341303,35.0,MALE, ,Khunkhuna,Rajasthan,SELF-OWNED,23634.0,V2158,SMART PHONE,ANDROID,vivo
LOA-RYFVEZFP,322202,28.0,MALE, ,Karauli,Rajasthan,,48012.0,CPH2619,SMART PHONE,ANDROID,oneplus
LOA-ZN38P35S,431122,35.0,MALE, ,BEED,Maharashtra,,75483.0,V2040,SMART PHONE,ANDROID,vivo
LOA-E92RGM5X,411028,33.0,MALE, ,Pune,Maharashtra,,78292.0,,,,
LOA-5CBRQSDR,421003,24.0,MALE, ,Ulhasnagar,Maharashtra,,14496.5,,,,
LOA-DBDPFMK9,382110,28.0,MALE, ,Ahmedabad,Gujarat,,14365.0,1901,SMART PHONE,ANDROID,vivo
LOA-6UPK22RB,273303,23.0,MALE, ,Maharajganj,Uttar Pradesh,,47705.0,RMX3840,SMART PHONE,ANDROID,realme
LOA-6UPK22RB,273303,23.0,MALE, ,Maharajganj,Uttar Pradesh,,47705.0,RMX3840,SMART PHONE,ANDROID,realme
LOA-DVU47DB6,624202,25.0,MALE, ,Dindigul,Tamil Nadu,,12210.5,V2025,SMART PHONE,ANDROID,vivo
ANUBHJKL,560037,47.0,MALE, ,Bangalore,Karnataka,RENTED,91218.0,,,,
LOA-X574GU4D,500081,22.0,, ,Hyderabad,Telangana,,41310.0,SM-M136B/DS,SMART PHONE,ANDROID,samsung
LOA-U3FA2ZZ5,620013,24.0,MALE, ,TIRUCHIRAPALLY,Tamil Nadu,,15500.0,,,,
LOA-1XXZ2AYE,835204,33.0,MALE, ,Ranchi,Jharkhand,RENTED,17701.0,23076RN4BI,SMART PHONE,ANDROID,xiaomi
IL9JE89N,843111,36.0,MALE, ,Muzaffarpur,Bihar,SELF-OWNED,50537.0,,,,
LOA-TEB8M9UG,229001,25.0,MALE, ,RAIBAREILLY,Uttar Pradesh,,12438.0,V2401,SMART PHONE,ANDROID,vivo
LOA-TEB8M9UG,229001,25.0,MALE, ,RAIBAREILLY,Uttar Pradesh,,12438.0,2201117SI,SMART PHONE,ANDROID,xiaomi
LOA-4E1TFHB2,797116,33.0,MALE, ,Dimapur,Nagaland,SELF-OWNED,38501.5,A142,SMART PHONE,ANDROID,nothing
LOA-4E1TFHB2,797116,33.0,MALE, ,Dimapur,Nagaland,SELF-OWNED,38501.5,SM-A307FN,SMART PHONE,ANDROID,samsung
LOA-KQQYD4ZS,521230,21.0,MALE, ,,Andhra Pradesh,,23282.0,RMX3686,SMART PHONE,ANDROID,realme
LOA-QCBUPVH8,847233,25.0,MALE, ,OTH,Bihar,,17503.0,CPH2381,SMART PHONE,ANDROID,oneplus
LOA-KTZP3F8K,642204,23.0,MALE, ,Coimbatore,Tamil Nadu,,23978.0,SM-A156E/DSN,SMART PHONE,ANDROID,samsung
5DK853K7,621718,30.0,MALE, ,Sennivanam,Tamil Nadu,SELF-OWNED,22384.5,SM-G615F,SMART PHONE,ANDROID,samsung
LOA-GVAPUFSM,530011,31.0,MALE, ,Visakhapatnam,Andhra Pradesh,SELF-OWNED,44382.0,DN2101,SMART PHONE,ANDROID,oneplus
LOA-DXV4DQEU,333305,24.0,MALE, ,Jhunjhunun,Rajasthan,,17948.5,V2240,SMART PHONE,ANDROID,vivo
LOA-E57TXDEN,577114,23.0,MALE, ,Chickmagalur,Karnataka,RENTED,28360.5,1819,SMART PHONE,ANDROID,vivo
LOA-UBEF9RER,822113,24.0,MALE, ,PALAMU,Jharkhand,,15559.5,RMX3392,SMART PHONE,ANDROID,realme
LOA-SESYD6UD,400033,31.0,MALE, ,Mumbai,Maharashtra,,60000.0,Moto G4,SMART PHONE,ANDROID,motorola
LOA-SESYD6UD,400033,31.0,MALE, ,Mumbai,Maharashtra,,60000.0,M2006C3MII,SMART PHONE,ANDROID,xiaomi
LOA-4M4LR9CB,431401,40.0,MALE, ,Parbhani,Maharashtra,,77498.5,M2004J19PI,SMART PHONE,ANDROID,xiaomi
LOA-55LP1YRN,495001,40.0,MALE, ,BILASPURCGH,Chattisgarh,,25957.0,CPH1911,SMART PHONE,ANDROID,oppo
LOA-SN1YFEXP,673527,39.0,FEMALE, ,Kozhikode,Kerala,,119900.0,RMX3840,SMART PHONE,ANDROID,realme
LOA-AZV7HEUM,841238,31.0,MALE, ,Siwan,Bihar,,17350.0,SM-A236E,SMART PHONE,ANDROID,samsung
LOA-U31PCBN3,410206,30.0,MALE, ,Raigad,Maharashtra,SELF-OWNED,22660.0,CPH2455,SMART PHONE,ANDROID,oppo
LOA-R9UAJ4CB,302033,24.0,MALE, ,Jaipur,Rajasthan,,38382.5,V2132,SMART PHONE,ANDROID,vivo
LOA-R9UAJ4CB,302033,24.0,MALE, ,Jaipur,Rajasthan,,38382.5,V2132,SMART PHONE,ANDROID,vivo
LOA-QZ86YUPJ,670591,29.0,MALE, ,Kannur,Kerala,,43750.0,,,,
LOA-H1GEHYDJ,414502,32.0,MALE, ,Ahmadnagar,Maharashtra,,19337.5,,,,
LOA-KKD6G5JY,500072,31.0,MALE, ,hyderabad,Telangana,,21027.0,,,,
LOA-GXYEMES2,393135,24.0,MALE, ,Bharuch,Gujarat,SELF-OWNED,13611.5,EB2101,SMART PHONE,ANDROID,oneplus
LOA-GXYEMES2,393135,24.0,MALE, ,Bharuch,Gujarat,SELF-OWNED,13611.5,EB2101,SMART PHONE,ANDROID,oneplus
LOA-TYNS3GE3,517432,23.0,MALE, ,Chittoor,Andhra Pradesh,,16314.3,Note 9 Pro,SMART PHONE,ANDROID,xiaomi
LOA-TYNS3GE3,517432,23.0,MALE, ,Chittoor,Andhra Pradesh,,16314.3,Edge 50 Fusion,SMART PHONE,ANDROID,motorola
LOA-C6C3BSDL,534324,33.0,MALE, ,Vadali,Andhra Pradesh,,17104.5,RMX3771,SMART PHONE,ANDROID,realme
LOA-7MFM3RGH,623135,23.0,MALE, ,Ramanathapuram,Tamil Nadu,,23878.0,M2101K6P,SMART PHONE,ANDROID,xiaomi
H3TK3A2J,416609,23.0,MALE, ,Sangave,Maharashtra,,12214.0,CPH2219,SMART PHONE,ANDROID,oppo
H3TK3A2J,416609,23.0,MALE, ,Sangave,Maharashtra,,12214.0,23090RA98I,SMART PHONE,ANDROID,xiaomi
LOA-6351GNB4,562123,37.0,FEMALE, ,Bengaluru Rural,Karnataka,,22427.0,CPH2665,SMART PHONE,ANDROID,oppo
LOA-1TCE4YDU,462036,29.0,MALE, ,Bhopal,Madhya Pradesh,SELF-OWNED,19390.0,,,ANDROID,xiaomi
LOA-1TCE4YDU,462036,29.0,MALE, ,Bhopal,Madhya Pradesh,SELF-OWNED,19390.0,CPH2643,SMART PHONE,ANDROID,oppo
LOA-Y6AM7GEK,414302,33.0,MALE, ,AHMEDNAGAR,Maharashtra,,28000.0,V2250,SMART PHONE,ANDROID,vivo
LOA-URJ3VD36,574219,36.0,MALE, ,DAKSHINAKANNADA,Karnataka,,75012.0,V2303,SMART PHONE,ANDROID,vivo
LOA-HF3MH5ZF,390011,24.0,MALE, ,Vadodara,Gujarat,SELF-OWNED,21391.0,RMX3771,SMART PHONE,ANDROID,realme
LOA-69HUA4MY,133103,22.0,MALE, ,Yamunanagar,Haryana,,27482.0,CPH2239,SMART PHONE,ANDROID,oppo
LOA-TPGUCEY8,577217,33.0,MALE, ,Davangere,Karnataka,,103918.5,,,,
LOA-783MPA2E,522415,27.0,MALE, ,Guntur,Andhra Pradesh,SELF-OWNED,38698.875,CPH2531,SMART PHONE,ANDROID,oppo
LOA-RHU8LMZN,389120,34.0,MALE, ,PANCHMAHALS,Gujarat,,12635.0,23028RN4DI,SMART PHONE,ANDROID,xiaomi
LOA-PTEMQXPR,382260,26.0,MALE, ,Ahmedabad,Gujarat,,14024.5,CPH2139,SMART PHONE,ANDROID,oppo
LOA-T8CRGNP2,508248,28.0,MALE, ,Nalgonda,Telangana,RENTED,18349.06,M2004J19C,SMART PHONE,ANDROID,xiaomi
LOA-T8CRGNP2,508248,28.0,MALE, ,Nalgonda,Telangana,RENTED,18349.06,M2004J19C,SMART PHONE,ANDROID,xiaomi
LOA-CBYRQCXP,389001,24.0,MALE, ,PANCHMAHALS,Gujarat,,21651.5,1935,SMART PHONE,ANDROID,vivo
LOA-MDAN4M23,211011,27.0,MALE, ,Allahabad,Uttar Pradesh,,34877.0,SM-S901E,SMART PHONE,ANDROID,samsung
LOA-T8AAPUJK,607302,25.0,MALE, ,Cuddalore,Tamil Nadu,,28280.5,M2006C3MI,SMART PHONE,ANDROID,xiaomi
LOA-5K6TKBHM,721401,32.0,MALE, ,Contai,West Bengal,,24870.0,cph2487,SMART PHONE,ANDROID,oneplus
LOA-EPS789E7,402305,34.0,MALE, ,Raigad,Maharashtra,,35450.0,2201117SI,SMART PHONE,ANDROID,xiaomi
LOA-ABJYUC8K,400043,23.0,MALE, ,Mumbai Suburban,Maharashtra,,28059.0,V2144,SMART PHONE,ANDROID,vivo
LOA-FQ41XQHA,456006,28.0,MALE, ,UJJAIN,Madhya Pradesh,,45082.0,m2101k7ai,SMART PHONE,ANDROID,xiaomi
1PUK3NN2,621311,32.0,MALE, ,Kulithalai,Tamil Nadu,SELF-OWNED,34011.5,,,,
LOA-MBB182GE,500015,24.0,MALE, ,Hyderabad,Telangana,,29490.5,1935,SMART PHONE,ANDROID,vivo
LOA-L8XBFPCF,361162,30.0,MALE, ,Jamnagar,Gujarat,,28268.5,V2207,SMART PHONE,ANDROID,vivo
LOA-7GQANNVE,560036,40.0,MALE, ,Rajampet,Karnataka,,70321.0,M2006C3MII,SMART PHONE,ANDROID,xiaomi
LOA-8BJP4QAL,580001,26.0,FEMALE, ,Dharwad,Karnataka,SELF-OWNED,30069.0,CPH2487,SMART PHONE,ANDROID,oneplus
LOA-N4JX55QK,207502,29.0,FEMALE, ,Farrukhabad,UTTAR PRADESH,RENTED,96502.0,SM-A235F,SMART PHONE,ANDROID,samsung
LOA-B7PEUVYH,341512,28.0,MALE, ,Nagaur,Rajasthan,,34111.5,v2315,SMART PHONE,ANDROID,vivo
LOA-1VAHN7EV,126112,25.0,MALE, ,Jind,Haryana,,36731.48,cph2213,SMART PHONE,ANDROID,oppo
LOA-1VAHN7EV,126112,25.0,MALE, ,Jind,Haryana,,36731.48,cph2643,SMART PHONE,ANDROID,oppo
LOA-2BCZ633K,212622,40.0,MALE, ,Chak Kori Sadad,Uttar Pradesh,SELF-OWNED,32652.0,v2143,SMART PHONE,ANDROID,vivo
LOA-BDVKE7QP,227405,22.0,MALE, ,Amethi,Uttar Pradesh,,44969.0,SM-A127F,SMART PHONE,ANDROID,samsung
LOA-NT197L91,560073,25.0,MALE, ,Bengaluru,Karnataka,SELF-OWNED,40722.0,2107113si,SMART PHONE,ANDROID,xiaomi
LOA-BTYTJ4EB,500058,33.0,MALE, ,Almasguda,Telangana,RENTED,30000.0,sm-e236b/ds,SMART PHONE,ANDROID,samsung
LOA-71RBCMYQ,441110,33.0,MALE, ,Nagpur,Maharashtra,,36651.0,CPH2665,SMART PHONE,ANDROID,oppo
LOA-9AU2G9UL,110080,27.0,FEMALE, ,South Delhi,Delhi,SELF-OWNED,20000.0,m2006c3mii,SMART PHONE,ANDROID,xiaomi
LOA-NS5VP7B1,673579,28.0,FEMALE, ,Wayanad,Kerala,,34150.0,,,,
2KAUMCTN,530004,37.0,FEMALE, ,VISAKHAPATNAM,Andhra Pradesh,,24560.0,CPH2455,SMART PHONE,ANDROID,oppo
LOA-6J7BFR6N,700113,27.0,MALE, ,North 24 Parganas,West Bengal,SELF-OWNED,18911.0,SM-M325F/DS,SMART PHONE,ANDROID,samsung
LOA-6J7BFR6N,700113,27.0,MALE, ,North 24 Parganas,West Bengal,SELF-OWNED,18911.0,V2347,SMART PHONE,ANDROID,vivo
LOA-5Q3KL7MQ,523187,42.0,MALE, ,Prakasam,Andhra Pradesh,,112400.0,22071219ai,SMART PHONE,ANDROID,xiaomi
LOA-PJLLVYU9,400601,44.0,FEMALE, ,Thane,Maharashtra,,30566.0,23053RN02I,SMART PHONE,ANDROID,xiaomi
LOA-1GH961ER,400098,30.0,FEMALE, ,Mumbai,Maharashtra,,21150.0,2312draabi,SMART PHONE,ANDROID,xiaomi
LOA-MH5BE46B,685533,28.0,MALE, ,Idukki,Kerala,,32533.5,V2222,SMART PHONE,ANDROID,vivo
LOA-Q83RCC7M,121003,23.0,MALE, ,Faridabad,Haryana,RENTED,30847.5,RMX3521,SMART PHONE,ANDROID,realme
LOA-DKKNEDRS,251314,26.0,MALE, ,Muzaffarnagar,Uttar Pradesh,SELF-OWNED,34450.0,CPH2359,SMART PHONE,ANDROID,oppo
LOA-576BVUDB,495001,26.0,MALE, ,Bilaspur(CGH),Chattisgarh,SELF-OWNED,36317.0,CPH2381,SMART PHONE,ANDROID,oneplus
LOA-9YSA3ZML,244715,40.0,MALE, ,Nainital,Uttarakhand,SELF-OWNED,61820.0,SM-A546E,SMART PHONE,ANDROID,samsung
LOA-5J8GPQUA,848506,27.0,MALE, ,Samastipur,Bihar,,22289.0,,,,
LOA-4JR9D4YP,700034,36.0,MALE, ,Kolkata,West Bengal,,29625.0,,,,
LOA-8A4L8BU8,503302,32.0,MALE, ,Nizamabad,Telangana,,30601.5,,,,
LOA-9K2TPVMY,500005,48.0,MALE, ,Bandlaguda,Telangana,SELF-OWNED,44596.0,v2111,SMART PHONE,ANDROID,vivo
LOA-TJT13ABB,533407,33.0,MALE, ,EASTGODAVARI,Andhra Pradesh,,39977.0,,,,
LOA-755NUN7E,560035,24.0,MALE, ,BENGALURU URBAN,Karnataka,,143580.5,,,,
LOA-UP63CF8M,224001,32.0,MALE, ,Faizabad,Uttar Pradesh,SELF-OWNED,33650.0,1807,SMART PHONE,ANDROID,vivo
LOA-MH2FYNSL,783384,24.0,MALE, ,Bongaigaon,Assam,SELF-OWNED,36087.5,moto g45 5g,SMART PHONE,ANDROID,motorola
LOA-MH2FYNSL,783384,24.0,MALE, ,Bongaigaon,Assam,SELF-OWNED,36087.5,sm-a736b,SMART PHONE,ANDROID,samsung
LOA-PGPG6PVK,785112,47.0,MALE, ,Jorhat,Assam,,25861.0,,,,
LOA-4774XY9J,392220,21.0,MALE, ,Bharuch,Gujarat,,48399.0,sm-a356e,SMART PHONE,ANDROID,samsung
LOA-MM6485PP,562109,30.0,MALE, ,Ramanagar,Karnataka,SELF-OWNED,23633.5,v2202,SMART PHONE,ANDROID,vivo
LOA-TNM2Z76Z,532221,32.0,MALE, ,Sasanam,Andhra Pradesh,SELF-OWNED,91071.0,SM-G970U,SMART PHONE,ANDROID,samsung
LOA-9YZ1JPHB,754109,38.0,MALE, ,Jagatsinghpur,Odisha,RENTED,10600.0,V2111,SMART PHONE,ANDROID,vivo
LOA-UMJMPUSP,781018,40.0,MALE, ,Binovanagar,Assam,SELF-OWNED,9741.5,SM-G610F,SMART PHONE,ANDROID,samsung
LOA-VYKHBDD6,307030,34.0,MALE, ,Jalor,Rajasthan,,30000.0,21091116AI,SMART PHONE,ANDROID,xiaomi
QTC33S9I,828115,22.0,MALE, ,Suranga,Jharkhand,SELF-OWNED,12820.0,RMX3242,SMART PHONE,ANDROID,realme
LOA-EM48Y8HD,754109,28.0,MALE, ,Jagatsinghapur,Odisha,SELF-OWNED,121304.0,RMX3761,SMART PHONE,ANDROID,realme
LOA-DZMKLKK9,424201,26.0,FEMALE, ,Pachora ,Maharashtra,SELF-OWNED,28438.0,CPH2357,SMART PHONE,ANDROID,oppo
LOA-18HP6G52,695143,27.0,MALE, ,TRIVANDRUM,Kerala,,13437.0,RMX3371,SMART PHONE,ANDROID,realme
LOA-3CRLKP2C,307026,26.0,MALE, ,Sirohi,Rajasthan,,37817.5,CPH2381,SMART PHONE,ANDROID,oneplus
1FBDH4CI,391810,45.0,MALE, ,Kareli,Gujarat,SELF-OWNED,70848.0,,,,
LOA-PCKYFVAJ,431001,50.0,MALE, ,Aurangabad,Maharashtra,,135478.5,SM-A336E,SMART PHONE,ANDROID,samsung
2RXLTAB1,110093,23.0,MALE, ,East Delhi,Delhi,SELF-OWNED,7242.0,M2101K6I,SMART PHONE,ANDROID,xiaomi
LOA-J9JK8GSS,110018,32.0,MALE, ,West Delhi,Delhi,,12700.5,,,,
LOA-L1MDK7XL,524366,23.0,MALE, ,Maneguntapadu,Andhra Pradesh,,30599.455,CPH2573,SMART PHONE,ANDROID,oneplus
FRMD4P49,690504,45.0,MALE, ,PALAMEL,Kerala,,23000.0,M2006C3MII,SMART PHONE,ANDROID,xiaomi
LOA-EHXGTZ9L,181201,24.0,MALE, ,JAMMU,Jammu and Kashmir,SELF-OWNED,13000.0,RMX2193,SMART PHONE,ANDROID,realme
J1H278G2,277303,23.0,MALE, ,Ballia,Uttar Pradesh,SELF-OWNED,17000.0,RMX3511,SMART PHONE,ANDROID,realme
LOA-SJKRJCVA,400014,55.0,FEMALE, ,Mumbai,Maharashtra,,15994.0,,,,
LOA-325FCJXU,515001,28.0,MALE, ,Anantapur,Andhra Pradesh,SELF-OWNED,65900.0,,,,
DJTDK3LM,534101,33.0,FEMALE, ,Tadepalligudem,Andhra Pradesh,,13000.0,V2207,SMART PHONE,ANDROID,vivo
LOA-PGG896ML,573162,46.0,FEMALE, ,Hassan,Karnataka,SELF-OWNED,15093.0,,,,
LOA-KAHQDTMG,523281,32.0,MALE, ,Kandukur,Andhra Pradesh,SELF-OWNED,76875.0,2312DRA50I,SMART PHONE,ANDROID,xiaomi
LOA-YEK3QU6T,394221,41.0,, ,Surat,Gujarat,,13711.5,V2029,SMART PHONE,ANDROID,vivo
LOA-G4DKCVJ4,272151,47.0,MALE, ,Basti,Uttar Pradesh,,62160.0,,,,
LOA-TAL6JTBJ,570007,43.0,MALE, ,Mysore,Karnataka,,10500.0,,,,
LOA-P9RMR8UG,628704,27.0,MALE, ,Tuticorin,Tamil Nadu,,16597.5,,,,
FGZFIGZS,247001,40.0,FEMALE, ,Saharanpur,Uttar Pradesh,SELF-OWNED,25000.0,RMX3265,SMART PHONE,ANDROID,realme
LOA-TFLQ7KHY,600020,47.0,MALE, ,Chennai,Tamil Nadu,,14447.5,RMX3491,SMART PHONE,ANDROID,realme
LOA-JAZY8GCJ,415004,40.0,MALE, ,Satara,Maharashtra,,116528.0,,,,
LOA-NPBABG9F,575020,33.0,MALE, ,Dakshina Kannada,Karnataka,,24093.0,,,,
LOA-UK6NJFXA,484555,21.0,MALE, ,Anuppur,Madhya Pradesh,SELF-OWNED,13878.5,SM-A235F,SMART PHONE,ANDROID,samsung
LOA-B13BC4G5,380050,41.0,MALE, ,Ahmedabad,Gujarat,,9670.0,,,,
LOA-J44N982P,202138,26.0,MALE, ,Jarara,Uttar Pradesh,SELF-OWNED,14153.0,RMX3388,SMART PHONE,ANDROID,realme
LOA-EFLLVKB8,758041,29.0,MALE, ,Kendujhar,Odisha,,19334.5,RMX3370,SMART PHONE,ANDROID,realme
HB5M9YDH,421503,25.0,MALE, ,Thane,Maharashtra,,45662.0,22101316I,SMART PHONE,ANDROID,xiaomi
9HYKVE83,395006,42.0,MALE, ,Surat,Gujarat,SELF-OWNED,39569.0,V2022,SMART PHONE,ANDROID,vivo
LOA-3CBZRSB8,177044,23.0,MALE, ,Hamirpur ,Himachal Pradesh,SELF-OWNED,39773.0,SM-E236B/DS,SMART PHONE,ANDROID,samsung
5CX2S2TX,756162,26.0,MALE, ,Bhadrak,Odisha,SELF-OWNED,15243.0,1951,SMART PHONE,ANDROID,vivo
LOA-998AYZQZ,110059,27.0,MALE, ,Delhi ,Delhi,RENTED,29255.0,,,,
LOA-LC7JZP87,584101,31.0,MALE, ,Raichur,Karnataka,SELF-OWNED,59412.0,,,,
LOA-STURF9JJ,400060,34.0,MALE, ,Mumbai,Maharashtra,SELF-OWNED,58447.0,,,,
LOA-CGMRXPTM,635602,29.0,, ,Vellore,Tamil Nadu,,19277.0,CPH2381,SMART PHONE,ANDROID,oneplus
LOA-6QJMRTV2,560057,29.0,FEMALE, ,BANGALORE,Karnataka,SELF-OWNED,16766.5,SM-A037F,SMART PHONE,ANDROID,samsung
VMNACHP6,762016,41.0,MALE, ,Boudh,Odisha,SELF-OWNED,23667.5,CPH2015,SMART PHONE,ANDROID,oppo
LOA-E1RXJE3H,424001,28.0,MALE, ,Dhule,Maharashtra,,12889.0,,,,
LOA-277F77GR,121008,54.0,, ,Faridabad,Haryana,,35719.0,,,,
LOA-VS8UDVLE,571402,33.0,MALE, ,Mandya,Karnataka,SELF-OWNED,28000.0,,,,
HDEV93Z1,532440,28.0,FEMALE, ,Srikakulam,Andhra Pradesh,,39250.0,M2101K7BI,SMART PHONE,ANDROID,xiaomi
LOA-U54B1YQS,160023,29.0,MALE, ,Chandigarh,Chandigarh,,15960.0,,,,
LOA-2V6BD5TH,413205,30.0,MALE, ,Ahmed Nagar,Maharashtra,SELF-OWNED,40000.0,Note 7 Pro,SMART PHONE,ANDROID,xiaomi
LOA-VT6DPZDD,560099,23.0,MALE, ,BENGALURU URBAN,Karnataka,SELF-OWNED,13607.0,CPH2293,SMART PHONE,ANDROID,oppo
LOA-5NHUPLY6,560040,25.0,MALE, ,Bangalore,Karnataka,,29053.0,SM-A336E,SMART PHONE,ANDROID,samsung
D3G5GCJK,401107,23.0,FEMALE, ,Thane,Maharashtra,,90000.0,,,,
LOA-ZFYJSGUZ,509334,28.0,MALE, ,Mahabub Nagar,Telangana,SELF-OWNED,19467.5,Note 8 Pro,SMART PHONE,ANDROID,xiaomi
LOA-834XBDK1,431721,28.0,MALE, ,Nanded,Maharashtra,SELF-OWNED,42975.0,,,ANDROID,xiaomi
N3KK925B,416404,30.0,MALE, ,Sangli,Maharashtra,SELF-OWNED,16524.0,,,,
LOA-2SVEGPS8,755026,22.0,MALE, ,Jajapur,Odisha,,14404.5,,,,
LOA-Q48DULBQ,247663,29.0,MALE, ,Gordhanpur,Uttarakhand,SELF-OWNED,30720.5,SM-A336E,SMART PHONE,ANDROID,samsung
LOA-QQ3LLJ5A,123001,27.0,MALE, ,Mahendragarh,Haryana,,17020.0,CPH2083,SMART PHONE,ANDROID,oppo
LOA-8MC5T3ZV,636303,26.0,MALE, ,Salem,Tamil Nadu,,15649.0,RMX2193,SMART PHONE,ANDROID,realme
59LNMB96,641654,29.0,MALE, ,Avanashi,Tamil Nadu,SELF-OWNED,17501.0,SM-S911B,SMART PHONE,ANDROID,samsung
PTZPRZCZ,602106,26.0,MALE, ,Kancheepuram,Tamil Nadu,,15816.0,V2058,SMART PHONE,ANDROID,vivo
LOA-UTZ5R5P7,620003,53.0,MALE, ,TIRUCHIRAPALLY,Tamil Nadu,,35790.0,V2312,SMART PHONE,ANDROID,vivo
LOA-6N4VBJNL,251002,42.0,MALE, ,Muzaffarnagar,Uttar Pradesh,,32239.0,,,,
LOA-47FAKK5P,341503,30.0,MALE, ,Nagaur,Rajasthan,SELF-OWNED,24715.5,SM-E546B/DS,SMART PHONE,ANDROID,samsung
U84N2RUX,110044,41.0,FEMALE, ,South ,Delhi,RENTED,17090.5,V2225,SMART PHONE,ANDROID,vivo
LOA-KXHJFT6A,600017,35.0,MALE, ,Chennai,Tamil Nadu,SELF-OWNED,128244.5,CPH2521,SMART PHONE,ANDROID,oppo
LOA-FFDXGMBK,160102,32.0,MALE, ,Chandigarh,Chandigarh,,15043.5,,,,
LOA-PSA2HL53,412201,28.0,MALE, ,Pune,Maharashtra,,22288.5,,,,
LOA-XBDX2GM8,401209,27.0,MALE, ,Palghar,Maharashtra,,26200.0,,,,
LOA-KPHQVEHV,415014,30.0,MALE, ,SATARA,Maharashtra,,24260.0,,,,
LOA-Z82L71YS,690505,28.0,MALE, ,Alappuzha,Kerala,SELF-OWNED,24547.5,Edge 40,SMART PHONE,ANDROID,motorola
LOA-LZZ78C77,201010,26.0,MALE, ,I.E.Sahibabad,Uttar Pradesh,SELF-OWNED,190871.5,SM-S928B,SMART PHONE,ANDROID,samsung
LOA-8R83BMNE,585236,32.0,MALE, ,Kalaburagi,Karnataka,RENTED,28376.5,,,,
LOA-3KKTVQ7L,500058,41.0,MALE, ,Hyderabad,Telangana,SELF-OWNED,26770.0,A063,SMART PHONE,ANDROID,others
LOA-DKRZTHVJ,251315,27.0,, ,Muzaffarnagar,Uttar Pradesh,,15091.5,,,,
LOA-TAC2DTRK,110014,37.0,MALE, ,South Delhi,Delhi,RENTED,50000.0,RMX3471,SMART PHONE,ANDROID,realme
1UJVJQND,244241,38.0,MALE, ,Jyotiba Phule Nagar,Uttar Pradesh,,70987.5,M2101K6I,SMART PHONE,ANDROID,xiaomi
LOA-JM7R1KEE,742189,27.0,MALE, ,Murshidabad,West Bengal,SELF-OWNED,23148.0,Edge 40,SMART PHONE,ANDROID,motorola
LOA-SSFUTRVQ,110093,44.0,MALE, ,North East,Delhi,,36416.5,,,,
LOA-QRJG5S8D,384002,25.0,MALE, ,Mahesana,Gujarat,,29125.0,CPH2487,SMART PHONE,ANDROID,oneplus
LOA-HVQZQVML,517123,36.0,MALE, ,Chittoor,Andhra Pradesh,,13228.5,V2037,SMART PHONE,ANDROID,vivo
LOA-7GTPBS33,522616,26.0,MALE, ,Guntur,Andhra Pradesh,SELF-OWNED,17456.0,RMX2117,SMART PHONE,ANDROID,realme
LOA-YL39KM99,364001,47.0,FEMALE, ,Bhavnagar,Gujarat,,20397.0,I2301,SMART PHONE,ANDROID,vivo
LOA-AY2SHCL7,802221,30.0,, ,Rohtas,Bihar,,12597.0,SM-A236E,SMART PHONE,ANDROID,samsung
LOA-VYPTVXN1,400603,43.0,MALE, ,Thane,Maharashtra,SELF-OWNED,31000.0,,,,
LOA-EZVA8VQE,390021,32.0,MALE, ,Vadodara,Gujarat,,18684.0,,,,
LOA-M5VSBU94,400060,52.0,MALE, ,MUMBA,Maharashtra,SELF-OWNED,33000.0,,,,
LOA-2MZT3UVZ,679536,37.0,FEMALE, ,Palakkad,Kerala,,13503.0,21091116I,SMART PHONE,ANDROID,xiaomi
LOA-S23QXVC8,201001,30.0,MALE, ,Ghaziabad,Uttar Pradesh,,27000.0,,,,
LOA-5C9F2CJR,636351,26.0,MALE, ,Salem,Tamil Nadu,SELF-OWNED,34929.5,Redmi Note 8,SMART PHONE,ANDROID,xiaomi
3T48EBZY,396050,29.0,MALE, ,Valsad,Gujarat,SELF-OWNED,10557.0,V2253,SMART PHONE,ANDROID,vivo
LOA-TTH74QCS,670581,25.0,MALE, ,Kannur,Kerala,,29733.0,SM-G781B,SMART PHONE,ANDROID,samsung
LOA-FF691HA2,636808,33.0,MALE, ,Palacode,Tamil Nadu,,143841.0,CPH2467,SMART PHONE,ANDROID,oneplus
LOA-TASL25QX,421306,22.0,MALE, ,Thane,Maharashtra,,24994.0,SM-E346B/DS,SMART PHONE,ANDROID,samsung
LOA-GB7XEAG1,764071,42.0,MALE, ,Nabarangapur,Odisha,,25605.27,RMX2030,SMART PHONE,ANDROID,realme
LOA-T4RN651F,245408,31.0,MALE, ,Bulandshahr,Uttar Pradesh,,41915.5,CPH2219,SMART PHONE,ANDROID,oppo
LOA-C1KFVGVT,624702,44.0,MALE, ,Dindigul,Tamil Nadu,SELF-OWNED,45490.0,M2006C3LI,SMART PHONE,ANDROID,xiaomi
LOA-5Q55NSQ3,534447,37.0,FEMALE, ,JANGAREDDIGUDEM,Andhra Pradesh,,16991.0,,,,
LOA-FCEGSCX4,400087,43.0,MALE, ,Mumbai,Maharashtra,SELF-OWNED,16335.0,RMX3085,SMART PHONE,ANDROID,realme
LOA-B7YD1VPB,722203,27.0,MALE, ,BANKURA,West Bengal,,14500.0,,,,
LOA-98XZRE7S,581106,34.0,MALE, ,Haveri,Karnataka,SELF-OWNED,19688.8,2201116SI,SMART PHONE,ANDROID,xiaomi
P65TBYXJ,581352,23.0,MALE, ,Karwar,Karnataka,SELF-OWNED,16465.0,V2230,SMART PHONE,ANDROID,vivo
EZ5AI5CJ,756001,23.0,FEMALE, ,Baleswar,Odisha,SELF-OWNED,13500.0,Note 7S,SMART PHONE,ANDROID,xiaomi
LOA-JLHYCCNC,636305,22.0,MALE, ,Tumbipadi,Tamil Nadu,,13005.0,V2250,SMART PHONE,ANDROID,vivo
LOA-JA337AEE,636701,26.0,MALE, ,Dharmapuri,Tamil Nadu,,31450.0,CPH2487,SMART PHONE,ANDROID,oneplus
LOA-4Y36M6NP,524309,23.0,MALE, ,NELLORE,Andhra Pradesh,,15023.5,,,,
LOA-6Q9DATYT,273301,28.0,MALE, ,Maharajganj,Uttar Pradesh,,22000.0,SM-A226B,SMART PHONE,ANDROID,samsung
LOA-68HLZZUA,410221,26.0,MALE, ,Raigarh,Maharashtra,,20449.5,Moto G32,SMART PHONE,ANDROID,motorola
LOA-C35EFKXR,600041,22.0,MALE, ,Chennai,Tamil Nadu,,15719.0,RMX3771,SMART PHONE,ANDROID,realme
LOA-VKASNEKN,500015,50.0,MALE, ,Secundrabad,Telangana,,35000.0,SM-A146P/N,SMART PHONE,ANDROID,samsung
LOA-9RJP569A,507122,29.0,MALE, ,Khammam,Telangana,SELF-OWNED,71600.0,RMX3471,SMART PHONE,ANDROID,realme
LOA-V48ELP94,562105,26.0,FEMALE, ,Chikkaballapur,Karnataka,SELF-OWNED,24646.0,RMX3085,SMART PHONE,ANDROID,realme
RPCRUYIT,110044,22.0,MALE, ,South Delhi,Delhi,,16066.0,,,,
LOA-D83JY5ZC,110043,24.0,FEMALE, ,South West Delhi,Delhi,SELF-OWNED,47822.5,V2207,SMART PHONE,ANDROID,vivo
LOA-TX7XX23J,212652,28.0,MALE, ,Fateh Pur,Uttar Pradesh,,16932.0,V2231,SMART PHONE,ANDROID,vivo
LOA-56VJPPNL,500039,44.0,, ,Rangareddi,Telangana,,101179.5,SM-M315F,SMART PHONE,ANDROID,samsung
LOA-1DZ7R7ZU,388270,36.0,MALE, ,Panch Mahals,Gujarat,RENTED,30242.0,,,,
LOA-DGJGJ3V9,493331,32.0,MALE, ,Baloda Bazar,Chattisgarh,,72813.0,Pixel 4a,SMART PHONE,ANDROID,google
LOA-8EFCVYFR,638057,32.0,FEMALE, ,perundurai,Tamil Nadu,SELF-OWNED,104327.0,SM-A105F,SMART PHONE,ANDROID,samsung
LOA-8EFCVYFR,638057,32.0,FEMALE, ,perundurai,Tamil Nadu,SELF-OWNED,104327.0,Redmi Note 5,SMART PHONE,ANDROID,xiaomi
LOA-RHLKF1C6,441614,48.0,MALE, ,India,Maharashtra,,84092.0,V2142,SMART PHONE,ANDROID,vivo
LOA-Q8V37XZQ,508001,27.0,, ,Nalgonda,Telangana,,23924.0,RMX3381,SMART PHONE,ANDROID,realme
LOA-EALJ84JP,691309,25.0,MALE, ,Kollam,Kerala,,13518.0,M2007J20CI,SMART PHONE,ANDROID,xiaomi
LOA-BEZY9VQC,385001,24.0,, ,Banaskantha,Gujarat,,12137.0,,,,
LOA-Q7D12G85,503120,24.0,MALE, ,Nizamabad,Telangana,SELF-OWNED,27001.0,M2007J20CI,SMART PHONE,ANDROID,xiaomi
LOA-DMKSJGZ3,523272,27.0,MALE, ,Prakasam,Andhra Pradesh,,22721.0,2201117TI,SMART PHONE,ANDROID,xiaomi
LOA-1SZF5K9C,143001,28.0,MALE, ,Amritsar ,Punjab,SELF-OWNED,33712.5,CPH1945,SMART PHONE,ANDROID,oppo
LOA-85H7GZ8Y,799204,29.0,MALE, ,Dhalai  *,Tripura,,24731.0,,,,
LOA-SKPYHP63,302034,29.0,MALE, ,JAIPUR,Rajasthan,,42000.0,RMX2156,SMART PHONE,ANDROID,realme
LOA-55UBXKV3,831004,21.0,MALE, ,Purbi Singhbhum,Jharkhand,,120000.0,V2143,SMART PHONE,ANDROID,vivo
LOA-9XCHVU84,682558,34.0,MALE, ,LAKSHDWEEP,Lakshadweep,SELF-OWNED,35683.5,V2168,SMART PHONE,ANDROID,vivo
HHYPY3D8,600069,25.0,MALE, ,Kanchipuram,Tamil Nadu,,28000.0,V2307,SMART PHONE,ANDROID,vivo
LOA-4FRHF54G,610001,37.0,MALE, ,Thiruvarur,Tamil Nadu,,32792.0,M2010J19CI,SMART PHONE,ANDROID,xiaomi
LOA-T2HCKKSG,636015,44.0,MALE, ,Salem,Tamil Nadu,,38528.5,CPH2473,SMART PHONE,ANDROID,oppo
LOA-DDY15S6T,821115,38.0,MALE, ,SasarM,Bihar,SELF-OWNED,27461.86,SM-A037F,SMART PHONE,ANDROID,samsung
LOA-EF2MLX1X,445204,37.0,MALE, ,Yavatmal,Maharashtra,,14532.5,RMX3710,SMART PHONE,ANDROID,realme
LOA-92HEHV1N,495220,32.0,, ,Bilaspur,Chattisgarh,,59658.5,CPH2127,SMART PHONE,ANDROID,oppo
LOA-TUHGNLE7,121102,33.0,MALE, ,Palwal,Haryana,,53195.0,SM-A135F,SMART PHONE,ANDROID,samsung
LOA-TRUQ85QL,411011,45.0,MALE, ,PUNE,Maharashtra,,13090.0,,,,
LOA-QZFYJMB3,493114,46.0,MALE, ,Raipur,Chattisgarh,,12844.5,CPH2471,SMART PHONE,ANDROID,oppo
LOA-NZ4Y9ZF8,110081,30.0,MALE, ,North West Delhi,Delhi,SELF-OWNED,16821.0,,,,
LOA-ANEMC176,302019,21.0,MALE, ,Jaipur,Rajasthan,,19423.5,SM-G990E,SMART PHONE,ANDROID,samsung
LOA-1KM5S4TH,400082,23.0,FEMALE, ,Mumbai( Sub Urban ),Maharashtra,,24400.0,V2222,SMART PHONE,ANDROID,vivo
LOA-CR2J8MTE,811211,43.0,MALE, ,Munger,Bihar,SELF-OWNED,76183.5,RMX3686,SMART PHONE,ANDROID,realme
LOA-CR2J8MTE,811211,43.0,MALE, ,Munger,Bihar,SELF-OWNED,76183.5,SM-A217F,SMART PHONE,ANDROID,samsung
LOA-X798MKVQ,752119,35.0,MALE, ,PURI,Odisha,,17169.0,,,,
LOA-TFYAH89E,110092,34.0,MALE, ,New Delhi,Delhi,RENTED,100400.5,CPH2357,SMART PHONE,ANDROID,oppo
LOA-5XK1GT7K,623527,27.0,MALE, ,Ramanathapuram,Tamil Nadu,SELF-OWNED,23809.0,,,,
LOA-VUV7LHRF,613101,36.0,MALE, ,Thanjavur,Tamil Nadu,,11846.0,CPH2525,SMART PHONE,ANDROID,oppo
LOA-RU9Y3YGH,632202,33.0,MALE, ,Vellore,Tamil Nadu,,24508.5,CPH1937,SMART PHONE,ANDROID,oppo
LOA-YQ25Y22B,572118,28.0,MALE, ,TUMKUR,Karnataka,,42667.5,V2318,SMART PHONE,ANDROID,vivo
FHAIAF2D,360002,23.0,MALE, ,Rajkot,Gujarat,,20000.0,M2101K7BI,SMART PHONE,ANDROID,xiaomi
LOA-145491D7,380055,22.0,MALE, ,Ahmedabad,Gujarat,,19770.0,,,,
L5KG5TAE,142038,31.0,MALE, ,Morgantown,Punjab,,23000.0,,,,
LOA-LSJ39Y6G,786155,46.0,, ,Tinsukia,Assam,,16295.5,1724,SMART PHONE,ANDROID,vivo
LOA-EKGH5G77,402109,24.0,FEMALE, ,Raigarh,Maharashtra,,67145.5,CPH2525,SMART PHONE,ANDROID,oppo
LOA-77R13YUN,441902,25.0,FEMALE, ,Gondia,Maharashtra,SELF-OWNED,15582.0,V2228,SMART PHONE,ANDROID,vivo
LOA-J9L2GMSY,400068,38.0,MALE, ,Mumbai Suburban,Maharashtra,RENTED,121487.5,CPH2119,SMART PHONE,ANDROID,oppo
LOA-J9L2GMSY,400068,38.0,MALE, ,Mumbai Suburban,Maharashtra,RENTED,121487.5,CPH2119,SMART PHONE,ANDROID,oppo
LOA-K5MQN5LN,445323,30.0,MALE, ,Yavatmal,Maharashtra,,20669.0,,,,
LOA-CUDBZNYJ,641302,21.0,MALE, ,COIMBATORE,Tamil Nadu,,16444.5,SM-A156E/DSN,SMART PHONE,ANDROID,samsung
LOA-4SU8MAA3,411046,21.0,MALE, ,Pune,Maharashtra,,16600.0,,,,
LOA-AER3B9D9,841437,33.0,MALE, ,XX,Bihar,,24864.5,,,,
LOA-GEBTJ6QQ,700034,43.0,MALE, ,Kolkata,West Bengal,,14807.5,23076PC4BI,SMART PHONE,ANDROID,xiaomi
